{
  "noise_name": "gaussian_blur",
  "severity": 4,
  "target_psnr": null,
  "psnr_range": [
    20.0,
    40.0
  ],
  "target_ssim": 0.8,
  "best": {
    "params": {
      "kernel_size": 25,
      "sigma": 10.0
    },
    "avg_psnr": 28.006726264953613,
    "avg_ssim": 0.8629021048545837,
    "score": 0.0629021048545837
  },
  "search_space": {
    "kernel_size": [
      9,
      11,
      13,
      15,
      17,
      21,
      25
    ],
    "sigma": [
      2.5,
      3.5,
      4.5,
      6.0,
      8.0,
      10.0
    ]
  },
  "num_samples": 2
}